month,platform,sentiment_score
2026-03,guba,-0.1002986316909308
2026-03,sina_finance,-0.20605767613022857
2026-03,weibo,-0.06528747750720008
2026-04,eastmoney,0.15639589169000936
2026-04,guba,0.15639589169000936
2026-04,sina_finance,0.338624338624338
