month,signals,correct_signals,accuracy,avg_return,win_rate,avg_confidence,bullish_signals,bearish_signals
2026-05,6,4,0.6666666666666666,0.006313799923185918,0.6666666666666666,0.038149999999999996,6,0
