{
  "timestamp": "20260602_182255",
  "n_train_rows": 29,
  "label_distribution": {
    "positive": 12,
    "negative": 11,
    "neutral": 6
  },
  "source_distribution": {
    "sample": 29
  },
  "holdout_test_linear_svc": {
    "meta": {
      "labels": [
        "negative",
        "neutral",
        "positive"
      ],
      "timestamp": 1780395775,
      "test_size": 0.2,
      "n_samples": 29
    },
    "results": {
      "linear_svc": {
        "report": {
          "negative": {
            "precision": 0.0,
            "recall": 0.0,
            "f1-score": 0.0,
            "support": 2.0
          },
          "neutral": {
            "precision": 1.0,
            "recall": 1.0,
            "f1-score": 1.0,
            "support": 1.0
          },
          "positive": {
            "precision": 0.6,
            "recall": 1.0,
            "f1-score": 0.75,
            "support": 3.0
          },
          "accuracy": 0.6666666666666666,
          "macro avg": {
            "precision": 0.5333333333333333,
            "recall": 0.6666666666666666,
            "f1-score": 0.5833333333333334,
            "support": 6.0
          },
          "weighted avg": {
            "precision": 0.4666666666666666,
            "recall": 0.6666666666666666,
            "f1-score": 0.5416666666666666,
            "support": 6.0
          }
        },
        "confusion_matrix": [
          [
            0,
            0,
            2
          ],
          [
            0,
            1,
            0
          ],
          [
            0,
            0,
            3
          ]
        ]
      },
      "rf": {
        "report": {
          "negative": {
            "precision": 0.3333333333333333,
            "recall": 1.0,
            "f1-score": 0.5,
            "support": 2.0
          },
          "neutral": {
            "precision": 0.0,
            "recall": 0.0,
            "f1-score": 0.0,
            "support": 1.0
          },
          "positive": {
            "precision": 0.0,
            "recall": 0.0,
            "f1-score": 0.0,
            "support": 3.0
          },
          "accuracy": 0.3333333333333333,
          "macro avg": {
            "precision": 0.1111111111111111,
            "recall": 0.3333333333333333,
            "f1-score": 0.16666666666666666,
            "support": 6.0
          },
          "weighted avg": {
            "precision": 0.1111111111111111,
            "recall": 0.3333333333333333,
            "f1-score": 0.16666666666666666,
            "support": 6.0
          }
        },
        "confusion_matrix": [
          [
            2,
            0,
            0
          ],
          [
            1,
            0,
            0
          ],
          [
            3,
            0,
            0
          ]
        ]
      }
    }
  },
  "cv_linear_svc": {
    "labels": [
      "negative",
      "neutral",
      "positive"
    ],
    "report": {
      "negative": {
        "precision": 0.3333333333333333,
        "recall": 0.18181818181818182,
        "f1-score": 0.23529411764705882,
        "support": 11.0
      },
      "neutral": {
        "precision": 1.0,
        "recall": 0.16666666666666666,
        "f1-score": 0.2857142857142857,
        "support": 6.0
      },
      "positive": {
        "precision": 0.36363636363636365,
        "recall": 0.6666666666666666,
        "f1-score": 0.47058823529411764,
        "support": 12.0
      },
      "accuracy": 0.3793103448275862,
      "macro avg": {
        "precision": 0.5656565656565656,
        "recall": 0.3383838383838384,
        "f1-score": 0.33053221288515405,
        "support": 29.0
      },
      "weighted avg": {
        "precision": 0.48380355276907,
        "recall": 0.3793103448275862,
        "f1-score": 0.34308895972181974,
        "support": 29.0
      }
    },
    "confusion_matrix": [
      [
        2,
        0,
        9
      ],
      [
        0,
        1,
        5
      ],
      [
        4,
        0,
        8
      ]
    ],
    "n_splits": 5
  },
  "openclaw_vs_human_bulk": null,
  "sample_review_labeled_n": 29,
  "sample_merged_into_training": 29
}